,Capital,Estado,Região,SITUAÇÃO,CONTROLE,CAPACIDADE,CONFIANÇA,NÍVEL DE ALERTA
0,Porto Alegre,RS,Sul,alto,alto,novo normal,alto,alto
1,Goiânia,GO,Centro-Oeste,alto,moderado,novo normal,moderado,alto
2,Campo Grande,MS,Centro-Oeste,alto,moderado,novo normal,moderado,alto
3,Florianópolis,SC,Sul,altíssimo,moderado,novo normal,novo normal,altíssimo
4,Palmas,TO,Norte,alto,moderado,novo normal,altíssimo,altíssimo
5,São Paulo,SP,Sudeste,moderado,novo normal,novo normal,altíssimo,altíssimo
6,Belo Horizonte,MG,Sudeste,moderado,moderado,novo normal,altíssimo,altíssimo
7,Curitiba,PR,Sul,moderado,moderado,novo normal,altíssimo,altíssimo
8,Brasília,DF,Centro-Oeste,alto,moderado,novo normal,altíssimo,altíssimo
9,Porto Velho,RO,Norte,moderado,moderado,novo normal,altíssimo,altíssimo
10,Cuiabá,MT,Centro-Oeste,altíssimo,alto,altíssimo,altíssimo,altíssimo
11,Teresina,PI,Nordeste,alto,moderado,novo normal,alto,alto
12,Boa Vista,RR,Norte,altíssimo,moderado,novo normal,alto,altíssimo
13,Salvador,BA,Nordeste,moderado,novo normal,novo normal,alto,alto
14,Natal,RN,Nordeste,moderado,moderado,novo normal,alto,alto
15,Macapá,AP,Norte,moderado,moderado,novo normal,altíssimo,altíssimo
16,João Pessoa,PB,Nordeste,alto,moderado,novo normal,altíssimo,altíssimo
17,Aracaju,SE,Nordeste,alto,moderado,novo normal,altíssimo,altíssimo
18,Vitória,ES,Sudeste,altíssimo,moderado,novo normal,moderado,altíssimo
19,Maceió,AL,Nordeste,novo normal,moderado,novo normal,alto,alto
20,Fortaleza,CE,Nordeste,novo normal,moderado,novo normal,altíssimo,altíssimo
21,Manaus,AM,Norte,alto,alto,novo normal,altíssimo,altíssimo
22,São Luís,MA,Nordeste,moderado,moderado,novo normal,altíssimo,altíssimo
23,Rio Branco,AC,Norte,moderado,moderado,novo normal,altíssimo,altíssimo
24,Belém,PA,Norte,moderado,moderado,novo normal,novo normal,moderado
25,Rio de Janeiro,RJ,Sudeste,moderado,moderado,novo normal,altíssimo,altíssimo
26,Recife,PE,Nordeste,novo normal,moderado,novo normal,altíssimo,altíssimo
