,Capital,Estado,Região,SITUAÇÃO,CONTROLE,CAPACIDADE,CONFIANÇA,NÍVEL DE ALERTA
0,Cuiabá,MT,Centro-Oeste,altíssimo,,novo normal,novo normal,
1,Vitória,ES,Sudeste,altíssimo,,novo normal,novo normal,
2,Fortaleza,CE,Nordeste,alto,alto,novo normal,novo normal,alto
3,Porto Alegre,RS,Sul,altíssimo,moderado,novo normal,alto,altíssimo
4,Goiânia,GO,Centro-Oeste,alto,moderado,novo normal,altíssimo,altíssimo
5,Campo Grande,MS,Centro-Oeste,altíssimo,moderado,novo normal,alto,altíssimo
6,Florianópolis,SC,Sul,altíssimo,alto,novo normal,novo normal,altíssimo
7,Palmas,TO,Norte,alto,alto,novo normal,moderado,alto
8,São Paulo,SP,Sudeste,moderado,alto,novo normal,altíssimo,altíssimo
9,Belo Horizonte,MG,Sudeste,moderado,moderado,novo normal,altíssimo,altíssimo
10,Curitiba,PR,Sul,novo normal,moderado,novo normal,altíssimo,altíssimo
11,Brasília,DF,Centro-Oeste,alto,moderado,novo normal,alto,alto
12,Porto Velho,RO,Norte,altíssimo,moderado,novo normal,altíssimo,altíssimo
13,Teresina,PI,Nordeste,alto,moderado,novo normal,moderado,alto
14,Boa Vista,RR,Norte,altíssimo,moderado,novo normal,novo normal,altíssimo
15,Salvador,BA,Nordeste,moderado,moderado,novo normal,alto,alto
16,Natal,RN,Nordeste,moderado,moderado,novo normal,alto,alto
17,Macapá,AP,Norte,alto,moderado,novo normal,altíssimo,altíssimo
18,João Pessoa,PB,Nordeste,alto,moderado,novo normal,altíssimo,altíssimo
19,Aracaju,SE,Nordeste,alto,moderado,novo normal,alto,alto
20,Maceió,AL,Nordeste,moderado,moderado,novo normal,altíssimo,altíssimo
21,Manaus,AM,Norte,alto,moderado,novo normal,altíssimo,altíssimo
22,São Luís,MA,Nordeste,moderado,moderado,novo normal,altíssimo,altíssimo
23,Rio Branco,AC,Norte,altíssimo,alto,novo normal,alto,altíssimo
24,Belém,PA,Norte,moderado,moderado,novo normal,novo normal,moderado
25,Rio de Janeiro,RJ,Sudeste,alto,moderado,novo normal,altíssimo,altíssimo
26,Recife,PE,Nordeste,alto,moderado,novo normal,altíssimo,altíssimo
