city_name,capacity_classification,control_classification,situation_classification,trust_classification,overall_classification
Goiânia,novo normal,moderado,altíssimo,altíssimo,altíssimo
Campo Grande,novo normal,alto,altíssimo,alto,altíssimo
Porto Alegre,novo normal,alto,alto,altíssimo,altíssimo
Florianópolis,novo normal,moderado,alto,novo normal,alto
Palmas,novo normal,moderado,altíssimo,alto,altíssimo
São Paulo,novo normal,novo normal,moderado,altíssimo,altíssimo
Belo Horizonte,novo normal,moderado,moderado,moderado,moderado
Curitiba,novo normal,moderado,alto,altíssimo,altíssimo
Brasília,novo normal,novo normal,alto,altíssimo,altíssimo
Porto Velho,novo normal,moderado,alto,altíssimo,altíssimo
Cuiabá,altíssimo,alto,altíssimo,altíssimo,altíssimo
Teresina,novo normal,moderado,alto,alto,alto
Boa Vista,novo normal,moderado,altíssimo,novo normal,altíssimo
Salvador,novo normal,novo normal,moderado,alto,alto
Natal,novo normal,moderado,moderado,alto,alto
Macapá,novo normal,moderado,moderado,altíssimo,altíssimo
João Pessoa,novo normal,moderado,alto,moderado,alto
Aracaju,novo normal,moderado,moderado,altíssimo,altíssimo
Vitória,novo normal,moderado,alto,moderado,alto
Maceió,novo normal,moderado,alto,altíssimo,altíssimo
Fortaleza,novo normal,novo normal,moderado,alto,alto
Manaus,novo normal,moderado,alto,altíssimo,altíssimo
São Luís,novo normal,moderado,alto,moderado,alto
Rio Branco,novo normal,moderado,moderado,altíssimo,altíssimo
Belém,novo normal,moderado,moderado,alto,alto
Rio de Janeiro,novo normal,novo normal,moderado,altíssimo,altíssimo
Recife,novo normal,moderado,moderado,altíssimo,altíssimo
